class_nb, nb_pca, last_second,smoothing_freq_max, down_freq_max,conv_channel, conv_windows,step_smoothing, step_down,window_ori, channels_ori, pool_ori,window_sm, channels_sm, pool_sm,window_dn, channels_dn, pool_dn,nb_dense,square_mean_valence,pearson_val,square_mean_arousal,pearson_arousal,kappa
7,5,3,10,10,10,1,1,1,5,5,1000,5,5,1000,5,5,1000,10,3.0644020762167514,0.42808315528664304,3.1827941967098283,0.2284848475127053,
7,5,3,10,10,10,1,1,1,5,5,1000,5,5,1000,5,5,1000,50,3.2471685063117453,0.32168157205212183,3.041886206723506,0.12570848007585986,
7,5,3,10,10,10,1,1,1,5,5,1000,5,5,1000,5,5,1000,100,3.361733972784505,0.25079919965372505,3.1101215056414846,0.09751123965102856,
7,5,3,10,10,10,1,1,1,5,7,1000,5,7,1000,5,7,1000,10,3.260603247158063,0.3461995553241515,2.973905997514384,0.1476727031500435,
7,5,3,10,10,10,1,1,1,5,7,1000,5,7,1000,5,7,1000,50,3.2679377354980685,0.28795037887730895,3.016932729008563,0.16334763710904038,
7,5,3,10,10,10,1,1,1,5,7,1000,5,7,1000,5,7,1000,100,3.6311755128079386,0.18303448428560296,2.9756552832246914,0.13921457785760202,
7,5,3,10,10,10,1,1,1,5,15,1000,5,15,1000,5,15,1000,10,3.2783749885946136,0.27105238874952825,3.0154180683532594,0.14481823790307655,
7,5,3,10,10,10,1,1,1,5,15,1000,5,15,1000,5,15,1000,50,3.250919840333089,0.285334967500615,3.0543208223041387,0.19808246742607585,
7,5,3,10,10,10,1,1,1,5,15,1000,5,15,1000,5,15,1000,100,3.2713177942614418,0.31490359638404164,3.1453628134666984,0.1620129921973758,
7,5,3,10,10,10,1,1,1,5,25,1000,5,25,1000,5,25,1000,10,3.3715810556874235,0.26456228727773684,3.0137414100948208,0.1325206109676497,
7,5,3,10,10,10,1,1,1,5,25,1000,5,25,1000,5,25,1000,50,3.709297081594121,0.1199342400318292,2.9813671311631835,0.14962129575329478,
7,5,3,10,10,10,1,1,1,5,25,1000,5,25,1000,5,25,1000,100,3.487463418752746,0.1404975158716869,3.0917011233183485,0.10014158488175083,
7,5,3,10,10,50,1,1,1,5,5,1000,5,5,1000,5,5,1000,10,3.5417515414516902,0.0,3.1754611083785096,0.0,
7,5,3,10,10,50,1,1,1,5,5,1000,5,5,1000,5,5,1000,50,3.2606604596984528,0.31048535613057743,3.013314597246355,0.14436248568227136,
7,5,3,10,10,50,1,1,1,5,5,1000,5,5,1000,5,5,1000,100,2.9408824899647463,0.4763514689779249,3.1354603818090685,0.1258523440075724,
7,5,3,10,10,50,1,1,1,5,7,1000,5,7,1000,5,7,1000,10,3.5417470433103313,0.0,3.1754288053822286,0.0,
7,5,3,10,10,50,1,1,1,5,7,1000,5,7,1000,5,7,1000,50,3.1404223241919142,0.3649148472906799,2.8702430258603715,0.23656496712604114,
7,5,3,10,10,50,1,1,1,5,7,1000,5,7,1000,5,7,1000,100,3.647297485941621,0.2421806326886769,2.9097136924663327,0.16707483492533154,
7,5,3,10,10,50,1,1,1,5,15,1000,5,15,1000,5,15,1000,10,3.5417414807280614,0.0,3.1753817703279723,0.0,
7,5,3,10,10,50,1,1,1,5,15,1000,5,15,1000,5,15,1000,50,3.2623507652954813,0.28753068003468296,2.8706116110783655,0.18968577304481896,
7,5,3,10,10,50,1,1,1,5,15,1000,5,15,1000,5,15,1000,100,3.5661049345668787,0.21241721422845386,3.42724706865187,-0.09997963097659923,
7,5,3,10,10,50,1,1,1,5,25,1000,5,25,1000,5,25,1000,10,3.541738640647964,0.0,3.1753319052582314,0.0,
7,5,3,10,10,50,1,1,1,5,25,1000,5,25,1000,5,25,1000,50,3.264013669916162,0.2981784090430731,3.094838635656157,0.12296199243835555,
7,5,3,10,10,50,1,1,1,5,25,1000,5,25,1000,5,25,1000,100,3.631004339295059,0.11115045984756353,3.1196776944950684,0.09551319687462638,
7,5,3,10,10,10,3,1,1,5,5,600,5,5,600,5,5,600,10,3.092956745988975,0.4214353977600169,3.0795827305538883,0.1805402189751044,
7,5,3,10,10,10,3,1,1,5,5,600,5,5,600,5,5,600,50,3.3526354620761056,0.2388010538461534,3.0838177047500515,0.06263078413520462,
7,5,3,10,10,10,3,1,1,5,5,600,5,5,600,5,5,600,100,3.4543601706619143,0.1928065204264679,3.0860513269837573,0.11110859922086556,
7,5,3,10,10,10,3,1,1,5,7,600,5,7,600,5,7,600,10,3.0686929318475324,0.4421090898644746,3.0214929793702163,0.23789911681046905,
7,5,3,10,10,10,3,1,1,5,7,600,5,7,600,5,7,600,50,3.3746286874640687,0.2365113903915441,3.0763168256041116,0.08455980314146218,
7,5,3,10,10,10,3,1,1,5,7,600,5,7,600,5,7,600,100,3.3830332101136382,0.21885932615096895,2.9894886606943825,0.1658108434845935,
7,5,3,10,10,10,3,1,1,5,15,600,5,15,600,5,15,600,10,3.1320959328974887,0.3897591025996802,3.0057274377179284,0.17574217227508224,
7,5,3,10,10,10,3,1,1,5,15,600,5,15,600,5,15,600,50,3.426635003886149,0.2345214384683169,3.0390154046287563,0.1121129730641204,
7,5,3,10,10,10,3,1,1,5,15,600,5,15,600,5,15,600,100,3.5993206099052726,0.11832922619097852,2.88250899394406,0.2181676012526504,
7,5,3,10,10,10,3,1,1,5,25,600,5,25,600,5,25,600,10,3.2766251955624663,0.2748061153048792,3.3071476853284647,0.18259566291933585,
7,5,3,10,10,10,3,1,1,5,25,600,5,25,600,5,25,600,50,3.3018595931002683,0.27890790390138104,3.1081047956866814,0.08928523243560764,
7,5,3,10,10,10,3,1,1,5,25,600,5,25,600,5,25,600,100,3.5114991705046776,0.15384780642979787,3.112129585219222,0.08786194283635176,
7,5,3,10,10,50,3,1,1,5,5,600,5,5,600,5,5,600,10,3.5417655135498247,0.0,3.1755364877822316,0.0,
7,5,3,10,10,50,3,1,1,5,5,600,5,5,600,5,5,600,50,2.9784874142985838,0.4017809578332469,2.7245254734090465,0.292043359767298,
7,5,3,10,10,50,3,1,1,5,5,600,5,5,600,5,5,600,100,3.408279058446732,0.21692814541877534,3.1617814710216914,0.052441977585679936,
7,5,3,10,10,50,3,1,1,5,7,600,5,7,600,5,7,600,10,3.338294804566694,0.23396315527633102,3.1060433941071377,0.0988584770931761,
7,5,3,10,10,50,3,1,1,5,7,600,5,7,600,5,7,600,50,3.3227965932257693,0.25445938862481665,2.6724230257592967,0.3804859322014564,
7,5,3,10,10,50,3,1,1,5,7,600,5,7,600,5,7,600,100,3.4520625495615245,0.21315684004505595,3.329133072037273,-0.029466572306691988,
7,5,3,10,10,50,3,1,1,5,15,600,5,15,600,5,15,600,10,3.541755566661095,0.0,3.1754628085771364,0.0,
7,5,3,10,10,50,3,1,1,5,15,600,5,15,600,5,15,600,50,3.278819584139976,0.2713496164308056,2.732572735123904,0.33722527059559393,
7,5,3,10,10,50,3,1,1,5,15,600,5,15,600,5,15,600,100,3.4587056892128665,0.20606610281815996,3.006340446947161,0.15062195289128014,
7,5,3,10,10,50,3,1,1,5,25,600,5,25,600,5,25,600,10,3.5417501799131155,-0.06459796920992994,3.175418872345316,0.033008851169156264,
7,5,3,10,10,50,3,1,1,5,25,600,5,25,600,5,25,600,50,3.2771289961560046,0.32457754238653586,2.6768211207429315,0.3620227838339431,
7,5,3,10,10,50,3,1,1,5,25,600,5,25,600,5,25,600,100,3.4917772039900323,0.17471261690741058,3.19676913864752,0.06472430885891957,
7,5,3,10,10,10,8,1,1,5,5,300,5,5,300,5,5,300,10,3.4526090203472988,0.18497035437498668,3.127825325006337,0.14689839915487696,
7,5,3,10,10,10,8,1,1,5,5,300,5,5,300,5,5,300,50,3.275752828599309,0.27416141521804355,3.1662099328714053,0.08008627837829163,
7,5,3,10,10,10,8,1,1,5,5,300,5,5,300,5,5,300,100,3.3284025714820134,0.23933201294600215,3.146690780216244,0.13000695741213492,
7,5,3,10,10,10,8,1,1,5,7,300,5,7,300,5,7,300,10,3.453922194607716,0.1817607774438534,3.116670961368164,0.13631327358599296,
7,5,3,10,10,10,8,1,1,5,7,300,5,7,300,5,7,300,50,3.2419966091925585,0.2900759631761297,3.0411495863242166,0.10701462748383804,
7,5,3,10,10,10,8,1,1,5,7,300,5,7,300,5,7,300,100,3.270246407236512,0.26975126072914185,3.0901590411480813,0.11717074400803044,
7,5,3,10,10,10,8,1,1,5,15,300,5,15,300,5,15,300,10,3.4629161272042666,0.17794709123051788,3.096460590504732,0.15996231499990096,
7,5,3,10,10,10,8,1,1,5,15,300,5,15,300,5,15,300,50,3.3240428372063833,0.25902247876800644,3.0721648057664703,0.16189440887945947,
7,5,3,10,10,10,8,1,1,5,15,300,5,15,300,5,15,300,100,3.220325628804527,0.2980142043684024,3.0568558158793424,0.18213043028201772,
7,5,3,10,10,10,8,1,1,5,25,300,5,25,300,5,25,300,10,3.486252461997543,0.16767086109475884,3.110607210626392,0.12591864607242287,
7,5,3,10,10,10,8,1,1,5,25,300,5,25,300,5,25,300,50,3.30745083466164,0.2538470084835258,3.0133854442718837,0.1877210834369613,
7,5,3,10,10,10,8,1,1,5,25,300,5,25,300,5,25,300,100,3.2644709303470667,0.2741149792071404,3.0416404174734453,0.1917002315234201,
7,5,3,10,10,50,8,1,1,5,5,300,5,5,300,5,5,300,10,3.52959808292656,0.12666753298468633,3.1862741028240293,-0.1617615280217434,
7,5,3,10,10,50,8,1,1,5,5,300,5,5,300,5,5,300,50,3.4632333467102296,0.18045040905901666,3.0121608278096503,0.12930116747783438,
7,5,3,10,10,50,8,1,1,5,5,300,5,5,300,5,5,300,100,3.2201436636480243,0.2972320438788211,2.9811836445789583,0.2215117886931084,
7,5,3,10,10,50,8,1,1,5,7,300,5,7,300,5,7,300,10,3.38755682946686,0.1996755122673984,3.117244051157768,0.07752901076619473,
7,5,3,10,10,50,8,1,1,5,7,300,5,7,300,5,7,300,50,3.2676392680479696,0.2826402567252653,2.919919497810987,0.23902136323192066,
7,5,3,10,10,50,8,1,1,5,7,300,5,7,300,5,7,300,100,3.192604881356011,0.3076809595627864,2.797134580635804,0.2850462685115563,
7,5,3,10,10,50,8,1,1,5,15,300,5,15,300,5,15,300,10,3.541762197563726,0.0,3.1755075819472207,0.0,
7,5,3,10,10,50,8,1,1,5,15,300,5,15,300,5,15,300,50,3.250802942647915,0.2860926322870558,2.7218481603837694,0.2623655978260068,
7,5,3,10,10,50,8,1,1,5,15,300,5,15,300,5,15,300,100,3.317178830114293,0.2562032682452096,2.977219228831137,0.16400739914949747,
7,5,3,10,10,50,8,1,1,5,25,300,5,25,300,5,25,300,10,3.467215861745224,0.1868531794761512,2.9949061856048926,0.1373909418162801,
7,5,3,10,10,50,8,1,1,5,25,300,5,25,300,5,25,300,50,3.2164628630341863,0.30918048881061616,2.7071537970824484,0.26104091397911305,
7,5,3,10,10,50,8,1,1,5,25,300,5,25,300,5,25,300,100,3.272538627289403,0.2728424545597707,3.0121947307795636,0.1655611392163166,
7,5,3,10,10,10,1,1,1,10,5,1000,10,5,1000,10,5,1000,10,3.245351233864436,0.3041967906671109,2.9769811180554133,0.13646129174777805,
7,5,3,10,10,10,1,1,1,10,5,1000,10,5,1000,10,5,1000,50,3.2506505960736782,0.3181399136623299,3.0702546616733164,0.12679762819773607,
7,5,3,10,10,10,1,1,1,10,5,1000,10,5,1000,10,5,1000,100,3.377174670832129,0.2636721498048669,3.0918426064847067,0.09000009807797671,
7,5,3,10,10,10,1,1,1,10,7,1000,10,7,1000,10,7,1000,10,3.261247881300376,0.2931736051928754,2.982744738619348,0.18592157500795328,
7,5,3,10,10,10,1,1,1,10,7,1000,10,7,1000,10,7,1000,50,3.228097954209733,0.3304544883704409,3.1118603119791057,0.10787469201979924,
7,5,3,10,10,10,1,1,1,10,7,1000,10,7,1000,10,7,1000,100,3.391499047138335,0.25788602437711955,3.169628816337916,0.05120570151206585,
7,5,3,10,10,10,1,1,1,10,15,1000,10,15,1000,10,15,1000,10,3.2356689285204023,0.3333584783024074,2.9511837644900747,0.2072666989302258,
7,5,3,10,10,10,1,1,1,10,15,1000,10,15,1000,10,15,1000,50,3.3219985762843964,0.2669133701859655,3.0163447059201305,0.15158064596119256,
7,5,3,10,10,10,1,1,1,10,15,1000,10,15,1000,10,15,1000,100,3.3259889009963386,0.3213356794489279,3.182651509381206,0.030226031038876562,
7,5,3,10,10,10,1,1,1,10,25,1000,10,25,1000,10,25,1000,10,3.5438172793545686,0.2417129176645649,3.1937732986750174,0.2411968726473699,
7,5,3,10,10,10,1,1,1,10,25,1000,10,25,1000,10,25,1000,50,3.245325908825774,0.3043394515154744,3.086808478135915,0.13195279348493566,
7,5,3,10,10,10,1,1,1,10,25,1000,10,25,1000,10,25,1000,100,3.5446614289885012,0.1219570434495476,3.120368387538344,0.0693079206545513,
7,5,3,10,10,50,1,1,1,10,5,1000,10,5,1000,10,5,1000,10,3.2507662656444483,0.2960099681169365,3.129712196822088,0.14859972425986975,
7,5,3,10,10,50,1,1,1,10,5,1000,10,5,1000,10,5,1000,50,3.3014316244232322,0.34293909434466624,3.002823030646074,0.13905814959103355,
7,5,3,10,10,50,1,1,1,10,5,1000,10,5,1000,10,5,1000,100,3.305261019514978,0.32172143201295683,3.0107079713949756,0.1590080947447743,
7,5,3,10,10,50,1,1,1,10,7,1000,10,7,1000,10,7,1000,10,3.25560336846786,0.2915400984336859,3.070176541255924,0.14076213362227186,
7,5,3,10,10,50,1,1,1,10,7,1000,10,7,1000,10,7,1000,50,3.1948884171826664,0.32241936617133904,3.0419478749454885,0.1815732079174819,
7,5,3,10,10,50,1,1,1,10,7,1000,10,7,1000,10,7,1000,100,3.2767036521824853,0.2899306480213531,3.249133288049593,0.019058122588191846,
7,5,3,10,10,50,1,1,1,10,15,1000,10,15,1000,10,15,1000,10,3.359114698098552,0.2716254510540925,3.0232978311991965,0.13535455211684275,
7,5,3,10,10,50,1,1,1,10,15,1000,10,15,1000,10,15,1000,50,3.2153607182981445,0.3260275668475958,3.025929395984388,0.13626765864199325,
7,5,3,10,10,50,1,1,1,10,15,1000,10,15,1000,10,15,1000,100,3.1466870220901315,0.35117355083032925,3.2189130399787884,0.06856250485155332,
7,5,3,10,10,50,1,1,1,10,25,1000,10,25,1000,10,25,1000,10,3.2826673199148435,0.2912193153365161,3.050181077764889,0.1388044306694399,
7,5,3,10,10,50,1,1,1,10,25,1000,10,25,1000,10,25,1000,50,3.223153072785128,0.30629302478294423,3.3204089185145897,-0.07239371494437477,
7,5,3,10,10,50,1,1,1,10,25,1000,10,25,1000,10,25,1000,100,3.386499009489488,0.2474137090536981,3.1570919169848355,0.026224307614156103,
7,5,3,10,10,10,3,1,1,10,5,600,10,5,600,10,5,600,10,3.1448340020872747,0.3396777937055417,3.0111724592489773,0.22338026600378755,
7,5,3,10,10,10,3,1,1,10,5,600,10,5,600,10,5,600,50,3.4515328345615117,0.20539930053479186,2.99215822480921,0.12093004761896795,
7,5,3,10,10,10,3,1,1,10,5,600,10,5,600,10,5,600,100,3.4548888996193923,0.1718514860669425,2.941053943287088,0.22884120279482756,
7,5,3,10,10,10,3,1,1,10,7,600,10,7,600,10,7,600,10,3.1133896786669837,0.4059108992433422,3.0034050585787484,0.1990138201098082,
7,5,3,10,10,10,3,1,1,10,7,600,10,7,600,10,7,600,50,3.5160029698169484,0.21654899618662515,3.032806319059326,0.06868430298039062,
7,5,3,10,10,10,3,1,1,10,7,600,10,7,600,10,7,600,100,3.67408631105007,0.11302543523128285,2.9685122707358964,0.1333802565884337,
7,5,3,10,10,10,3,1,1,10,15,600,10,15,600,10,15,600,10,3.1400429701068178,0.3531368585578899,3.0845940476485016,0.05592252253596225,
7,5,3,10,10,10,3,1,1,10,15,600,10,15,600,10,15,600,50,3.6362986037740783,0.13989544608366966,2.9685635459346784,0.11456978986341708,
7,5,3,10,10,10,3,1,1,10,15,600,10,15,600,10,15,600,100,3.488485980687456,0.18414236195542025,3.1904758187725384,0.01741781640374963,
7,5,3,10,10,10,3,1,1,10,25,600,10,25,600,10,25,600,10,3.3362917283533102,0.2529355080661028,3.0809165351713004,0.020157404194486372,
7,5,3,10,10,10,3,1,1,10,25,600,10,25,600,10,25,600,50,3.607447875127233,0.17427683597641305,3.0368354210507036,0.11717724007364518,
7,5,3,10,10,10,3,1,1,10,25,600,10,25,600,10,25,600,100,3.53008907746876,0.17092152638590646,3.2504533098059536,0.0015032411826026366,
7,5,3,10,10,50,3,1,1,10,5,600,10,5,600,10,5,600,10,3.6972647812795465,-0.17885651186993198,3.090599095923618,0.1614137746370051,
7,5,3,10,10,50,3,1,1,10,5,600,10,5,600,10,5,600,50,3.285384968168634,0.2711091178245639,2.869372517871669,0.2483841049096088,
7,5,3,10,10,50,3,1,1,10,5,600,10,5,600,10,5,600,100,3.49273903445822,0.18332023100676592,3.1769347529966505,0.049332871470670184,
7,5,3,10,10,50,3,1,1,10,7,600,10,7,600,10,7,600,10,3.5717186509758263,-0.15637505535099094,3.1675620850674284,0.06968659682731551,
7,5,3,10,10,50,3,1,1,10,7,600,10,7,600,10,7,600,50,3.270642281164351,0.2741404274304308,2.8203141160724847,0.275997332804081,
7,5,3,10,10,50,3,1,1,10,7,600,10,7,600,10,7,600,100,3.4838504935992463,0.19758918317396276,3.1531039433524817,0.037421927826336,
7,5,3,10,10,50,3,1,1,10,15,600,10,15,600,10,15,600,10,3.5417619607212187,0.0,3.1754905790673797,0.0,
7,5,3,10,10,50,3,1,1,10,15,600,10,15,600,10,15,600,50,3.3075692736300923,0.28825333472714115,2.835552933182364,0.3310943071692985,
7,5,3,10,10,50,3,1,1,10,15,600,10,15,600,10,15,600,100,3.5688873339081817,0.1333379180736243,2.9657080379754435,0.16618989127653128,
7,5,3,10,10,50,3,1,1,10,25,600,10,25,600,10,25,600,10,3.5417521624622785,-0.06459796920992993,3.17541803804513,0.0,
7,5,3,10,10,50,3,1,1,10,25,600,10,25,600,10,25,600,50,3.1731073949325017,0.3243855216628706,2.8208743879777716,0.2820728825166188,
7,5,3,10,10,50,3,1,1,10,25,600,10,25,600,10,25,600,100,3.713990428812871,0.10154389238025352,2.961668111246062,0.1673595362669535,
7,5,3,10,10,10,8,1,1,10,5,300,10,5,300,10,5,300,10,3.424130360041581,0.18363403634788164,3.131724280076505,0.15920196897939468,
7,5,3,10,10,10,8,1,1,10,5,300,10,5,300,10,5,300,50,3.3647308829048743,0.2540314638534987,2.8136513394331844,0.27060506793440586,
7,5,3,10,10,10,8,1,1,10,5,300,10,5,300,10,5,300,100,3.2058112076866894,0.3137734925917198,2.7960870180437247,0.34615463214146125,
7,5,3,10,10,10,8,1,1,10,7,300,10,7,300,10,7,300,10,3.4403245084225,0.18032863411323266,3.1049500063368343,0.15090489946206034,
7,5,3,10,10,10,8,1,1,10,7,300,10,7,300,10,7,300,50,3.321004848603337,0.25491018840176705,3.0532567529566204,0.12996412188470527,
7,5,3,10,10,10,8,1,1,10,7,300,10,7,300,10,7,300,100,3.3798894997478865,0.22159084158403375,2.9273649648296423,0.21818028433072356,
7,5,3,10,10,10,8,1,1,10,15,300,10,15,300,10,15,300,10,3.4684804890944125,0.17298084804586214,3.0692518648019207,0.1504194538023893,
7,5,3,10,10,10,8,1,1,10,15,300,10,15,300,10,15,300,50,3.4762361018174284,0.17749053018687147,2.9536842576462075,0.2270849325349367,
7,5,3,10,10,10,8,1,1,10,15,300,10,15,300,10,15,300,100,3.483119226995532,0.2327673268968128,2.442431232781823,0.4030999962051284,
7,5,3,10,10,10,8,1,1,10,25,300,10,25,300,10,25,300,10,3.4735542089990497,0.1745904610434476,3.1100901427182275,0.1186232170702962,
7,5,3,10,10,10,8,1,1,10,25,300,10,25,300,10,25,300,50,3.464541268012632,0.18440305408891328,2.9365009390885533,0.20732776612858034,
7,5,3,10,10,10,8,1,1,10,25,300,10,25,300,10,25,300,100,3.621274358470653,0.17280048012369853,2.8679026679058923,0.24765789374457065,
7,5,3,10,10,50,8,1,1,10,5,300,10,5,300,10,5,300,10,3.379131217174228,0.21530474603641309,3.127357905248516,0.12566451011460214,
7,5,3,10,10,50,8,1,1,10,5,300,10,5,300,10,5,300,50,3.078149421234572,0.3642768206090776,2.916090316378337,0.2870952704320753,
7,5,3,10,10,50,8,1,1,10,5,300,10,5,300,10,5,300,100,3.2738830705327078,0.2902731690204157,2.9738426732043526,0.13853703217715266,
7,5,3,10,10,50,8,1,1,10,7,300,10,7,300,10,7,300,10,3.5417670532359886,0.0,3.1755534917671078,0.0,
7,5,3,10,10,50,8,1,1,10,7,300,10,7,300,10,7,300,50,3.4493261635593413,0.2041165680295339,2.7696801487752984,0.2688359466186496,
7,5,3,10,10,50,8,1,1,10,7,300,10,7,300,10,7,300,100,3.360066128355297,0.2430028935187587,2.7599695597437024,0.25415038418971114,
7,5,3,10,10,50,8,1,1,10,15,300,10,15,300,10,15,300,10,3.3905354885879047,0.25557500800891525,2.9351111683375812,0.27849834556789443,
7,5,3,10,10,50,8,1,1,10,15,300,10,15,300,10,15,300,50,3.2892064024802106,0.2661915828560956,2.845031220786093,0.24662358390334785,
7,5,3,10,10,50,8,1,1,10,15,300,10,15,300,10,15,300,100,3.41560770993033,0.2189219088681698,2.7492957711013704,0.26871211740770834,
7,5,3,10,10,50,8,1,1,10,25,300,10,25,300,10,25,300,10,3.4517298366237568,0.28958471226784177,3.182732592900922,0.2821189756633304,
7,5,3,10,10,50,8,1,1,10,25,300,10,25,300,10,25,300,50,3.353789032459661,0.2454652191826224,2.5856009729322653,0.3575705965088504,
7,5,3,10,10,50,8,1,1,10,25,300,10,25,300,10,25,300,100,3.321749949514371,0.2586610521682866,3.024064594237054,0.1584486858836185,
7,5,3,10,10,10,1,1,1,20,5,1000,20,5,1000,20,5,1000,10,3.2699572023484507,0.2995734723508016,3.0115754490575917,0.17624501766477374,
7,5,3,10,10,10,1,1,1,20,5,1000,20,5,1000,20,5,1000,50,3.3873385981522834,0.2381200071570555,2.9382815115684284,0.20734335697638784,
7,5,3,10,10,10,1,1,1,20,5,1000,20,5,1000,20,5,1000,100,3.4325270779859185,0.21421071508973988,3.024694318976927,0.10293595910056988,
7,5,3,10,10,10,1,1,1,20,7,1000,20,7,1000,20,7,1000,10,3.2421615773925514,0.31672987475414544,3.00522372518308,0.13919730219330514,
7,5,3,10,10,10,1,1,1,20,7,1000,20,7,1000,20,7,1000,50,3.4525874562721595,0.2117414077578784,2.9749668862181338,0.14009855352214082,
7,5,3,10,10,10,1,1,1,20,7,1000,20,7,1000,20,7,1000,100,3.5036811422731544,0.22131661743159745,3.0073771613046074,0.1273512569140789,
7,5,3,10,10,10,1,1,1,20,15,1000,20,15,1000,20,15,1000,10,3.2985374230230016,0.32665672341738994,2.9326538793284453,0.1629215840221614,
7,5,3,10,10,10,1,1,1,20,15,1000,20,15,1000,20,15,1000,50,3.497655365014566,0.16432815377337634,3.0089944657695367,0.15644052083578286,
7,5,3,10,10,10,1,1,1,20,15,1000,20,15,1000,20,15,1000,100,3.4380920020370604,0.28711183223484865,3.1111936362117962,0.07808394054467176,
7,5,3,10,10,10,1,1,1,20,25,1000,20,25,1000,20,25,1000,10,3.4338842732588284,0.2713491531469858,3.0149397455022826,0.12185567043948838,
7,5,3,10,10,10,1,1,1,20,25,1000,20,25,1000,20,25,1000,50,3.32688376392729,0.27064830355722513,2.9166769885042285,0.2315269265082701,
7,5,3,10,10,10,1,1,1,20,25,1000,20,25,1000,20,25,1000,100,3.3253755417072144,0.29648758890950305,3.1097050064489893,0.0553790798676622,
7,5,3,10,10,50,1,1,1,20,5,1000,20,5,1000,20,5,1000,10,3.1063110761167034,0.376917936394596,3.0053445106937486,0.1834615893028925,
7,5,3,10,10,50,1,1,1,20,5,1000,20,5,1000,20,5,1000,50,3.2357352901855525,0.3055500704017077,2.94787346029696,0.13175134595011634,
7,5,3,10,10,50,1,1,1,20,5,1000,20,5,1000,20,5,1000,100,3.1888601912936365,0.35497731181409115,2.8900705215750335,0.1889251471825976,
7,5,3,10,10,50,1,1,1,20,7,1000,20,7,1000,20,7,1000,10,3.1327827477438666,0.3876391239285261,3.048456491453467,0.15353904571257884,
7,5,3,10,10,50,1,1,1,20,7,1000,20,7,1000,20,7,1000,50,3.237525034735322,0.3420928014237444,2.9508872900077416,0.1606910688661388,
7,5,3,10,10,50,1,1,1,20,7,1000,20,7,1000,20,7,1000,100,3.4068689414068567,0.20924597769707168,2.942212345365485,0.16361474592040962,
7,5,3,10,10,50,1,1,1,20,15,1000,20,15,1000,20,15,1000,10,3.19519472515238,0.3972856212393786,3.0234472254517963,0.15106021566240996,
7,7,3,100,10,10,1,6,1,10,7,1000,10,7,1000,10,7,1000,50,3.6153203119795454,0.039938156955040514,3.0749043449615527,0.006442570749023989,
7,7,3,100,10,10,1,6,1,10,7,1000,10,7,1000,10,7,1000,100,3.584846879144281,0.10275040923974672,3.0515819865619878,0.09545253876174964,
7,7,3,100,10,10,1,6,1,10,35,1000,10,35,1000,10,35,1000,50,3.5392077711772405,0.12078896763566993,3.1018417387599433,0.023117934817874476,
7,7,3,100,10,10,1,6,1,10,35,1000,10,35,1000,10,35,1000,100,3.487769155015118,0.15766330095524467,3.2505221823615487,0.08682827339163521,
7,7,3,100,10,50,1,6,1,10,7,1000,10,7,1000,10,7,1000,50,3.5792617999760683,0.13381213012305654,2.8359697703697977,0.2628760691311366,
7,7,3,100,10,50,1,6,1,10,7,1000,10,7,1000,10,7,1000,100,3.559123081763941,0.14524595109966,3.1348723847880007,0.10693753582866226,
7,7,3,100,10,50,1,6,1,10,35,1000,10,35,1000,10,35,1000,50,3.5881180039608243,0.14887461319037645,2.977973099437933,0.21331129635129914,
7,7,3,100,10,50,1,6,1,10,35,1000,10,35,1000,10,35,1000,100,3.8825316236028056,0.09703684616591186,2.7311199898049408,0.3494253730583045,
7,7,3,100,10,10,3,6,1,10,7,600,10,7,600,10,7,600,50,3.518536547862969,0.17346154702294522,3.0579598405152706,0.03598619012684538,
7,7,3,100,10,10,3,6,1,10,7,600,10,7,600,10,7,600,100,3.6136568738993695,0.038678284443932544,3.192223476276677,-0.06569427828987577,
7,7,3,100,10,10,3,6,1,10,35,600,10,35,600,10,35,600,50,3.458466821527989,0.16375152648415225,2.970246873991484,0.12873839657630054,
7,7,3,100,10,10,3,6,1,10,35,600,10,35,600,10,35,600,100,3.5400464927175803,0.15549912772016858,2.7345106647279995,0.3793852384234804,
7,7,3,100,10,50,3,6,1,10,7,600,10,7,600,10,7,600,50,3.338675724716791,0.2363509266490099,2.852957395275395,0.1932705495845652,
7,7,3,100,10,50,3,6,1,10,7,600,10,7,600,10,7,600,100,3.648884693657624,0.12371795170110288,2.811512877816142,0.21188320292156027,
7,7,3,100,10,50,3,6,1,10,35,600,10,35,600,10,35,600,50,3.4474549672677655,0.2157286064718043,2.9004297994263912,0.2097127104923497,
7,7,3,100,10,50,3,6,1,10,35,600,10,35,600,10,35,600,100,3.4992289998111623,0.20688552212344494,2.890365019079242,0.18082840833435415,
7,7,3,100,10,10,8,6,1,10,7,300,10,7,300,10,7,300,50,3.386350886633848,0.2025642994780104,3.0753000891942417,0.08348186707435468,
7,7,3,100,10,10,8,6,1,10,7,300,10,7,300,10,7,300,100,3.64720215695854,0.12286785979616635,2.8571092247616448,0.3048180782741568,
7,7,3,100,10,10,8,6,1,10,35,300,10,35,300,10,35,300,50,3.479556482526027,0.17405624534652964,3.0522987561094226,0.06835981570859452,
7,7,3,100,10,10,8,6,1,10,35,300,10,35,300,10,35,300,100,3.4357903309839037,0.1853105462748619,3.22259752516828,0.03416369604486411,
7,7,3,100,10,50,8,6,1,10,7,300,10,7,300,10,7,300,50,3.3147062474880538,0.2620306373360612,3.1297386891760337,0.08570480440640613,
7,7,3,100,10,50,8,6,1,10,7,300,10,7,300,10,7,300,100,3.4849745559302616,0.17787299169987633,2.893597804757063,0.1752485266121233,
7,7,3,100,10,50,8,6,1,10,35,300,10,35,300,10,35,300,50,3.4978628616197907,0.21786077995282013,2.927744471829602,0.15499128829344894,
7,7,3,100,10,50,8,6,1,10,35,300,10,35,300,10,35,300,100,3.710869204705245,0.12418381031217267,2.764227712944768,0.2898600683673281,
7,7,3,100,10,10,1,6,1,50,7,1000,50,7,1000,50,7,1000,50,3.9529596029226144,-0.037839365434699165,2.8243178809511438,0.18951167652897316,
7,7,3,100,10,10,1,6,1,50,7,1000,50,7,1000,50,7,1000,100,3.736002274102445,-0.02407432491044501,2.8301723030762544,0.2442680611692368,
7,7,3,100,10,10,1,6,1,50,35,1000,50,35,1000,50,35,1000,50,4.147194400050996,-0.13778251234860495,2.7720391551311034,0.22525905016201125,
7,7,3,100,10,10,1,6,1,50,35,1000,50,35,1000,50,35,1000,100,3.752803232083088,-0.054232795048468375,2.9297979217820065,0.18440563383603384,
7,7,3,100,10,50,1,6,1,50,7,1000,50,7,1000,50,7,1000,50,3.622348268901733,0.14024045782029188,2.7997830719887045,0.2579599149347295,
7,7,3,100,10,50,1,6,1,50,7,1000,50,7,1000,50,7,1000,100,3.644847792877096,0.03597088838530906,3.1643169104853475,-0.0432595566391582,
7,7,3,100,10,50,1,6,1,50,35,1000,50,35,1000,50,35,1000,50,3.446303480025475,0.24046503456193286,2.890874724328385,0.2432699214677653,
7,7,3,100,10,50,1,6,1,50,35,1000,50,35,1000,50,35,1000,100,4.313783305946297,-0.001884916588444925,2.6087197883131044,0.300130402924152,
7,7,3,100,10,10,3,6,1,50,7,600,50,7,600,50,7,600,50,3.751869110303272,0.024237465888217315,2.8888571177659204,0.19318691803573926,
7,7,3,100,10,10,3,6,1,50,7,600,50,7,600,50,7,600,100,3.901942095111028,-0.11292069455217335,2.932981211403086,0.15264307385761072,
7,7,3,100,10,10,3,6,1,50,35,600,50,35,600,50,35,600,50,3.9971948040028082,-0.0266770851317745,2.9980981937613036,0.12988400208891412,
7,7,3,100,10,10,3,6,1,50,35,600,50,35,600,50,35,600,100,3.9274831413071074,-0.11349643692847572,2.7938689396291583,0.2306028249231805,
7,7,3,100,10,50,3,6,1,50,7,600,50,7,600,50,7,600,50,3.690085559659628,0.02055106226525688,2.865398918102983,0.1636216500946058,
7,7,3,100,10,50,3,6,1,50,7,600,50,7,600,50,7,600,100,3.997041772413644,0.0825480430267421,2.8547696221832606,0.1580965857591844,
7,7,3,100,10,50,3,6,1,50,35,600,50,35,600,50,35,600,50,3.808999500202741,0.04221846389024927,3.071834344568147,0.01215762443117272,
7,7,3,100,10,50,3,6,1,50,35,600,50,35,600,50,35,600,100,4.055556779862203,-0.018123126933816056,2.4439887335796584,0.4117486145243807,
7,7,3,100,10,10,8,6,1,50,7,300,50,7,300,50,7,300,50,3.6849211735122265,0.040460469814126016,2.9954625290757484,0.1276287282022717,
7,7,3,100,10,10,8,6,1,50,7,300,50,7,300,50,7,300,100,3.397971381380082,0.2854042993906967,2.6636180703342687,0.26197277472749075,
7,7,3,100,10,10,8,6,1,50,35,300,50,35,300,50,35,300,50,3.7074578899578174,0.030507021713981744,2.8130064236256374,0.1948419422659456,
7,7,3,100,10,10,8,6,1,50,35,300,50,35,300,50,35,300,100,3.795911844897701,-0.0630032834448565,2.8225692161308107,0.2593338459449669,
7,7,3,100,10,50,8,6,1,50,7,300,50,7,300,50,7,300,50,3.546138628870412,0.10148208817215636,2.873955644085368,0.2057644931541184,
7,7,3,100,10,50,8,6,1,50,7,300,50,7,300,50,7,300,100,3.9257441357754086,-0.09832611161628832,2.755566639822816,0.24208034826813435,
7,7,3,100,10,50,8,6,1,50,35,300,50,35,300,50,35,300,50,3.740936351888725,0.054859249193270614,2.67306047311849,0.2836086089999667,
7,7,3,100,10,50,8,6,1,50,35,300,50,35,300,50,35,300,100,3.8160687412125913,-0.09478632018830646,2.8924748489316205,0.15401100411950033,
7,7,16,100,10,10,1,6,1,10,7,5333,10,7,5333,10,7,5333,50,3.9763570003438087,-0.0017580351921589578,3.2140983864104427,-0.07762237617117736,
7,7,16,100,10,10,1,6,1,10,7,5333,10,7,5333,10,7,5333,100,3.6056311996579433,0.08488847201940884,3.0313603807238434,0.03144339399488636,
3,7,3,100,10,10,1,6,1,10,7,1000,10,7,1000,10,7,1000,50,,,,,-0.058823529411764726
3,7,3,100,10,10,1,6,1,10,7,1000,10,7,1000,10,7,1000,100,,,,,0.026548672566371726
3,7,3,100,10,10,1,6,1,10,35,1000,10,35,1000,10,35,1000,50,,,,,0.1070110701107011
3,7,3,100,10,10,1,6,1,10,35,1000,10,35,1000,10,35,1000,100,,,,,0.03508771929824561
3,7,3,100,10,50,1,6,1,10,7,1000,10,7,1000,10,7,1000,50,,,,,-0.00917431192660545
3,7,3,100,10,50,1,6,1,10,7,1000,10,7,1000,10,7,1000,100,,,,,-0.05340699815837935
3,7,3,100,10,50,1,6,1,10,35,1000,10,35,1000,10,35,1000,50,,,,,0.12456747404844293
3,7,3,100,10,50,1,6,1,10,35,1000,10,35,1000,10,35,1000,100,,,,,0.2413793103448276
3,7,3,100,10,10,3,6,1,10,7,600,10,7,600,10,7,600,50,,,,,-0.08196721311475419
3,7,3,100,10,10,3,6,1,10,7,600,10,7,600,10,7,600,100,,,,,0.07832422586520937
3,7,3,100,10,10,3,6,1,10,35,600,10,35,600,10,35,600,50,,,,,-0.017543859649122858
3,7,3,100,10,10,3,6,1,10,35,600,10,35,600,10,35,600,100,,,,,0.16086235489220568
3,7,3,100,10,50,3,6,1,10,7,600,10,7,600,10,7,600,50,,,,,0.026548672566371726
3,7,3,100,10,50,3,6,1,10,7,600,10,7,600,10,7,600,100,,,,,0.025553662691652382
3,7,3,100,10,50,3,6,1,10,35,600,10,35,600,10,35,600,50,,,,,-0.026929982046678624
3,7,3,100,10,50,3,6,1,10,35,600,10,35,600,10,35,600,100,,,,,0.08492201039861348
3,7,3,100,10,10,8,6,1,10,7,300,10,7,300,10,7,300,50,,,,,0.01610017889087656
3,7,3,100,10,10,8,6,1,10,7,300,10,7,300,10,7,300,100,,,,,0.046931407942238164
3,7,3,100,10,10,8,6,1,10,35,300,10,35,300,10,35,300,50,,,,,0.14487632508833925
3,7,3,100,10,10,8,6,1,10,35,300,10,35,300,10,35,300,100,,,,,0.0052173913043479505
3,7,3,100,10,50,8,6,1,10,7,300,10,7,300,10,7,300,50,,,,,-0.00917431192660545
3,7,3,100,10,50,8,6,1,10,7,300,10,7,300,10,7,300,100,,,,,0.19854280510018207
3,7,3,100,10,50,8,6,1,10,35,300,10,35,300,10,35,300,50,,,,,-0.008488964346349714
3,7,3,100,10,50,8,6,1,10,35,300,10,35,300,10,35,300,100,,,,,0.023090586145648184
3,7,3,100,10,10,1,6,1,50,7,1000,50,7,1000,50,7,1000,50,,,,,-0.13120567375886516
3,7,3,100,10,10,1,6,1,50,7,1000,50,7,1000,50,7,1000,100,,,,,-0.00364963503649629
3,7,3,100,10,10,1,6,1,50,35,1000,50,35,1000,50,35,1000,50,,,,,0.14031971580817038
3,7,3,100,10,10,1,6,1,50,35,1000,50,35,1000,50,35,1000,100,,,,,-0.02877697841726623
3,7,3,100,10,50,1,6,1,50,7,1000,50,7,1000,50,7,1000,50,,,,,0.08828828828828827
3,7,3,100,10,50,1,6,1,50,7,1000,50,7,1000,50,7,1000,100,,,,,0.2302025782688767
3,7,3,100,10,50,1,6,1,50,35,1000,50,35,1000,50,35,1000,50,,,,,0.15693430656934315
3,7,3,100,10,50,1,6,1,50,35,1000,50,35,1000,50,35,1000,100,,,,,0.18367346938775508
3,7,3,100,10,10,3,6,1,50,7,600,50,7,600,50,7,600,50,,,,,0.147887323943662
3,7,3,100,10,10,3,6,1,50,7,600,50,7,600,50,7,600,100,,,,,-0.04393673110720564
3,7,3,100,10,10,3,6,1,50,35,600,50,35,600,50,35,600,50,,,,,0.043478260869565084
3,7,3,100,10,10,3,6,1,50,35,600,50,35,600,50,35,600,100,,,,,0.10915492957746477
3,7,3,100,10,50,3,6,1,50,7,600,50,7,600,50,7,600,50,,,,,0.07664233576642343
3,7,3,100,10,50,3,6,1,50,7,600,50,7,600,50,7,600,100,,,,,0.2773722627737226
3,7,3,100,10,50,3,6,1,50,35,600,50,35,600,50,35,600,50,,,,,-0.1061452513966481
3,7,3,100,10,50,3,6,1,50,35,600,50,35,600,50,35,600,100,,,,,0.03296703296703285
3,7,3,100,10,10,8,6,1,50,7,300,50,7,300,50,7,300,50,,,,,-0.0018214936247724636
3,7,3,100,10,10,8,6,1,50,7,300,50,7,300,50,7,300,100,,,,,-0.05340699815837935
3,7,3,100,10,10,8,6,1,50,35,300,50,35,300,50,35,300,50,,,,,0.13356164383561653
3,7,3,100,10,10,8,6,1,50,35,300,50,35,300,50,35,300,100,,,,,-0.024137931034482696
3,7,3,100,10,50,8,6,1,50,7,300,50,7,300,50,7,300,50,,,,,-0.06517690875232797
3,7,3,100,10,50,8,6,1,50,7,300,50,7,300,50,7,300,100,,,,,0.2482014388489209
3,7,3,100,10,50,8,6,1,50,35,300,50,35,300,50,35,300,50,,,,,-0.0671641791044777
3,7,3,100,10,50,8,6,1,50,35,300,50,35,300,50,35,300,100,,,,,0.18947368421052635
3,7,16,100,10,10,1,6,1,10,7,5333,10,7,5333,10,7,5333,50,,,,,0.038461538461538436
3,7,16,100,10,10,1,6,1,10,7,5333,10,7,5333,10,7,5333,100,,,,,-0.03623188405797095
2,7,3,100,10,10,3,1,1,10,14,600,10,14,600,10,14,600,50,,,,,0.2024169184290031
2,7,3,100,10,10,3,1,1,10,14,600,10,14,600,10,14,600,100,,,,,0.005319148936170137
2,7,3,100,10,10,3,1,1,10,35,600,10,35,600,10,35,600,50,,,,,-0.07441860465116279
2,7,3,100,10,10,3,1,1,10,35,600,10,35,600,10,35,600,100,,,,,0.05938242280285033
2,7,3,100,10,50,3,1,1,10,14,600,10,14,600,10,14,600,50,,,,,0.04087193460490468
2,7,3,100,10,50,3,1,1,10,14,600,10,14,600,10,14,600,100,,,,,0.017369727047146344
2,7,3,100,10,50,3,1,1,10,35,600,10,35,600,10,35,600,50,,,,,0.2393617021276595
2,7,3,100,10,50,3,1,1,10,35,600,10,35,600,10,35,600,100,,,,,0.11747851002865328
2,7,3,100,10,10,8,1,1,10,14,300,10,14,300,10,14,300,50,,,,,-0.02230483271375472
2,7,3,100,10,10,8,1,1,10,14,300,10,14,300,10,14,300,100,,,,,-0.13467048710601714
2,7,3,100,10,10,8,1,1,10,35,300,10,35,300,10,35,300,50,,,,,0.2297592997811816
2,7,3,100,10,10,8,1,1,10,35,300,10,35,300,10,35,300,100,,,,,-0.014563106796116498
2,7,3,100,10,50,8,1,1,10,14,300,10,14,300,10,14,300,50,,,,,-0.045454545454545414
2,7,3,100,10,50,8,1,1,10,14,300,10,14,300,10,14,300,100,,,,,-0.002277904328018332
2,7,3,100,10,50,8,1,1,10,35,300,10,35,300,10,35,300,50,,,,,-0.014563106796116498
3,7,5,300,6,10,5,10,1,50,5,10,50,5,10,50,5,10,50,,,,,-0.03623188405797095
2,7,5,300,6,10,5,10,1,50,5,10,50,5,10,50,5,10,50,,,,,-0.02857142857142847
